<?xml version="1.0" encoding="UTF-8"?>
<!DOCTYPE configuration
		PUBLIC "-//mybatis.org//DTD Config 3.0//EN"
		"http://mybatis.org/dtd/mybatis-3-config.dtd">
<configuration>
	<typeAliases>
		<typeAlias alias="Board" type="com.acorn.project.board.Board"/>
		<typeAlias alias="RouteBoard" type="com.acorn.project.board.RouteBoard"/>
		<typeAlias alias="Comment" type="com.acorn.project.comment.Comment"/>
		<typeAlias alias="Like" type="com.acorn.project.like.Like"/>
		<typeAlias alias="Archive" type="com.acorn.project.archive.Archive"/>
		<typeAlias alias="Report" type="com.acorn.project.report.Report"/>
		<typeAlias alias="SearchCondition" type="com.acorn.project.board.SearchCondition"/>
		<typeAlias alias="User" type="com.acorn.project.user.User"/>	
		<typeAlias alias="Point" type="com.acorn.project.point.Point"/>		
	</typeAliases>
	<typeHandlers>
    	<typeHandler handler="com.acorn.project.board.JsonListTypeHandler"/>
	</typeHandlers>
</configuration>